time,latitude,longitude,CRW_SST
UTC,degrees_north,degrees_east,Celsius
2000-11-09T12:00:00Z,19.775,-155.075,25.96
2000-11-10T12:00:00Z,19.775,-155.075,26.02
2000-11-11T12:00:00Z,19.775,-155.075,26.02
2000-11-12T12:00:00Z,19.775,-155.075,25.95
2000-11-13T12:00:00Z,19.775,-155.075,25.46
2000-11-14T12:00:00Z,19.775,-155.075,25.48
2000-11-15T12:00:00Z,19.775,-155.075,25.55
2000-11-16T12:00:00Z,19.775,-155.075,25.580000000000002
2000-11-17T12:00:00Z,19.775,-155.075,25.61
2000-11-18T12:00:00Z,19.775,-155.075,25.51
2000-11-19T12:00:00Z,19.775,-155.075,25.5
2000-11-20T12:00:00Z,19.775,-155.075,25.490000000000002
2000-11-21T12:00:00Z,19.775,-155.075,25.35
2000-11-22T12:00:00Z,19.775,-155.075,25.2
2000-11-23T12:00:00Z,19.775,-155.075,25.14
2000-11-24T12:00:00Z,19.775,-155.075,24.82
2000-11-25T12:00:00Z,19.775,-155.075,24.86
2000-11-26T12:00:00Z,19.775,-155.075,24.85
2000-11-27T12:00:00Z,19.775,-155.075,25.03
2000-11-28T12:00:00Z,19.775,-155.075,25.05
2000-11-29T12:00:00Z,19.775,-155.075,25.03
2000-11-30T12:00:00Z,19.775,-155.075,24.97
2000-12-01T12:00:00Z,19.775,-155.075,24.91
2000-12-02T12:00:00Z,19.775,-155.075,24.91
2000-12-03T12:00:00Z,19.775,-155.075,24.94
2000-12-04T12:00:00Z,19.775,-155.075,24.830000000000002
2000-12-05T12:00:00Z,19.775,-155.075,24.82
2000-12-06T12:00:00Z,19.775,-155.075,24.76
2000-12-07T12:00:00Z,19.775,-155.075,24.63
2000-12-08T12:00:00Z,19.775,-155.075,24.72
2000-12-09T12:00:00Z,19.775,-155.075,24.740000000000002
2000-12-10T12:00:00Z,19.775,-155.075,24.79
2000-12-11T12:00:00Z,19.775,-155.075,24.63
2000-12-12T12:00:00Z,19.775,-155.075,24.54
2000-12-13T12:00:00Z,19.775,-155.075,24.650000000000002
2000-12-14T12:00:00Z,19.775,-155.075,24.67
2000-12-15T12:00:00Z,19.775,-155.075,24.63
2000-12-16T12:00:00Z,19.775,-155.075,24.55
2000-12-17T12:00:00Z,19.775,-155.075,24.59
2000-12-18T12:00:00Z,19.775,-155.075,24.61
2000-12-19T12:00:00Z,19.775,-155.075,24.59
2000-12-20T12:00:00Z,19.775,-155.075,24.560000000000002
2000-12-21T12:00:00Z,19.775,-155.075,24.55
2000-12-22T12:00:00Z,19.775,-155.075,24.53
2000-12-23T12:00:00Z,19.775,-155.075,24.45
2000-12-24T12:00:00Z,19.775,-155.075,24.43
2000-12-25T12:00:00Z,19.775,-155.075,24.400000000000002
2000-12-26T12:00:00Z,19.775,-155.075,24.310000000000002
2000-12-27T12:00:00Z,19.775,-155.075,24.21
2000-12-28T12:00:00Z,19.775,-155.075,24.25
2000-12-29T12:00:00Z,19.775,-155.075,24.39
2000-12-30T12:00:00Z,19.775,-155.075,24.47
2000-12-31T12:00:00Z,19.775,-155.075,24.48
2001-01-01T12:00:00Z,19.775,-155.075,24.43
2001-01-02T12:00:00Z,19.775,-155.075,24.39
2001-01-03T12:00:00Z,19.775,-155.075,24.51
2001-01-04T12:00:00Z,19.775,-155.075,24.560000000000002
2001-01-05T12:00:00Z,19.775,-155.075,24.43
2001-01-06T12:00:00Z,19.775,-155.075,24.490000000000002
2001-01-07T12:00:00Z,19.775,-155.075,24.5
2001-01-08T12:00:00Z,19.775,-155.075,24.560000000000002
2001-01-09T12:00:00Z,19.775,-155.075,24.43
2001-01-10T12:00:00Z,19.775,-155.075,24.39
2001-01-11T12:00:00Z,19.775,-155.075,24.29
2001-01-12T12:00:00Z,19.775,-155.075,24.19
2001-01-13T12:00:00Z,19.775,-155.075,24.14
2001-01-14T12:00:00Z,19.775,-155.075,24.44
2001-01-15T12:00:00Z,19.775,-155.075,24.48
2001-01-16T12:00:00Z,19.775,-155.075,24.5
2001-01-17T12:00:00Z,19.775,-155.075,24.29
2001-01-18T12:00:00Z,19.775,-155.075,24.25
2001-01-19T12:00:00Z,19.775,-155.075,24.32
2001-01-20T12:00:00Z,19.775,-155.075,24.22
2001-01-21T12:00:00Z,19.775,-155.075,24.22
2001-01-22T12:00:00Z,19.775,-155.075,24.07
2001-01-23T12:00:00Z,19.775,-155.075,23.91
2001-01-24T12:00:00Z,19.775,-155.075,23.900000000000002
2001-01-25T12:00:00Z,19.775,-155.075,23.82
2001-01-26T12:00:00Z,19.775,-155.075,23.77
2001-01-27T12:00:00Z,19.775,-155.075,23.42
2001-01-28T12:00:00Z,19.775,-155.075,23.28
2001-01-29T12:00:00Z,19.775,-155.075,23.330000000000002
2001-01-30T12:00:00Z,19.775,-155.075,23.48
2001-01-31T12:00:00Z,19.775,-155.075,23.88
2001-02-01T12:00:00Z,19.775,-155.075,23.91
2001-02-02T12:00:00Z,19.775,-155.075,23.990000000000002
2001-02-03T12:00:00Z,19.775,-155.075,24.02
2001-02-04T12:00:00Z,19.775,-155.075,24.12
2001-02-05T12:00:00Z,19.775,-155.075,23.93
2001-02-06T12:00:00Z,19.775,-155.075,23.900000000000002
2001-02-07T12:00:00Z,19.775,-155.075,23.990000000000002
2001-02-08T12:00:00Z,19.775,-155.075,23.84
2001-02-09T12:00:00Z,19.775,-155.075,23.82
2001-02-10T12:00:00Z,19.775,-155.075,23.85
2001-02-11T12:00:00Z,19.775,-155.075,23.85
2001-02-12T12:00:00Z,19.775,-155.075,23.830000000000002
2001-02-13T12:00:00Z,19.775,-155.075,23.8
2001-02-14T12:00:00Z,19.775,-155.075,23.76
2001-02-15T12:00:00Z,19.775,-155.075,23.36
2001-02-16T12:00:00Z,19.775,-155.075,23.61
2001-02-17T12:00:00Z,19.775,-155.075,23.55
2001-02-18T12:00:00Z,19.775,-155.075,23.490000000000002
2001-02-19T12:00:00Z,19.775,-155.075,23.48
2001-02-20T12:00:00Z,19.775,-155.075,23.5
2001-02-21T12:00:00Z,19.775,-155.075,23.48
2001-02-22T12:00:00Z,19.775,-155.075,23.47
2001-02-23T12:00:00Z,19.775,-155.075,23.46
2001-02-24T12:00:00Z,19.775,-155.075,23.54
2001-02-25T12:00:00Z,19.775,-155.075,23.51
2001-02-26T12:00:00Z,19.775,-155.075,23.46
2001-02-27T12:00:00Z,19.775,-155.075,23.55
2001-02-28T12:00:00Z,19.775,-155.075,23.740000000000002
2001-03-01T12:00:00Z,19.775,-155.075,23.73
2001-03-02T12:00:00Z,19.775,-155.075,23.66
2001-03-03T12:00:00Z,19.775,-155.075,23.67
2001-03-04T12:00:00Z,19.775,-155.075,23.67
2001-03-05T12:00:00Z,19.775,-155.075,23.71
2001-03-06T12:00:00Z,19.775,-155.075,23.650000000000002
2001-03-07T12:00:00Z,19.775,-155.075,23.71
2001-03-08T12:00:00Z,19.775,-155.075,23.71
2001-03-09T12:00:00Z,19.775,-155.075,23.52
2001-03-10T12:00:00Z,19.775,-155.075,23.44
2001-03-11T12:00:00Z,19.775,-155.075,23.46
2001-03-12T12:00:00Z,19.775,-155.075,23.52
2001-03-13T12:00:00Z,19.775,-155.075,23.56
2001-03-14T12:00:00Z,19.775,-155.075,23.53
2001-03-15T12:00:00Z,19.775,-155.075,23.39
2001-03-16T12:00:00Z,19.775,-155.075,23.54
2001-03-17T12:00:00Z,19.775,-155.075,23.61
2001-03-18T12:00:00Z,19.775,-155.075,23.64
2001-03-19T12:00:00Z,19.775,-155.075,23.7
2001-03-20T12:00:00Z,19.775,-155.075,23.78
2001-03-21T12:00:00Z,19.775,-155.075,23.82
2001-03-22T12:00:00Z,19.775,-155.075,23.86
2001-03-23T12:00:00Z,19.775,-155.075,23.86
2001-03-24T12:00:00Z,19.775,-155.075,23.82
2001-03-25T12:00:00Z,19.775,-155.075,24.12
2001-03-26T12:00:00Z,19.775,-155.075,24.35
2001-03-27T12:00:00Z,19.775,-155.075,24.38
2001-03-28T12:00:00Z,19.775,-155.075,24.32
2001-03-29T12:00:00Z,19.775,-155.075,24.25
2001-03-30T12:00:00Z,19.775,-155.075,24.16
2001-03-31T12:00:00Z,19.775,-155.075,24.01
2001-04-01T12:00:00Z,19.775,-155.075,23.92
2001-04-02T12:00:00Z,19.775,-155.075,23.8
2001-04-03T12:00:00Z,19.775,-155.075,23.72
2001-04-04T12:00:00Z,19.775,-155.075,23.79
2001-04-05T12:00:00Z,19.775,-155.075,23.76
2001-04-06T12:00:00Z,19.775,-155.075,23.78
2001-04-07T12:00:00Z,19.775,-155.075,23.75
2001-04-08T12:00:00Z,19.775,-155.075,23.740000000000002
2001-04-09T12:00:00Z,19.775,-155.075,23.650000000000002
2001-04-10T12:00:00Z,19.775,-155.075,23.57
2001-04-11T12:00:00Z,19.775,-155.075,23.56
2001-04-12T12:00:00Z,19.775,-155.075,23.62
2001-04-13T12:00:00Z,19.775,-155.075,23.86
2001-04-14T12:00:00Z,19.775,-155.075,23.8
2001-04-15T12:00:00Z,19.775,-155.075,23.7
2001-04-16T12:00:00Z,19.775,-155.075,23.650000000000002
2001-04-17T12:00:00Z,19.775,-155.075,23.76
2001-04-18T12:00:00Z,19.775,-155.075,23.82
2001-04-19T12:00:00Z,19.775,-155.075,23.64
2001-04-20T12:00:00Z,19.775,-155.075,23.54
2001-04-21T12:00:00Z,19.775,-155.075,23.45
2001-04-22T12:00:00Z,19.775,-155.075,23.5
2001-04-23T12:00:00Z,19.775,-155.075,23.56
2001-04-24T12:00:00Z,19.775,-155.075,23.56
2001-04-25T12:00:00Z,19.775,-155.075,23.53
2001-04-26T12:00:00Z,19.775,-155.075,23.56
2001-04-27T12:00:00Z,19.775,-155.075,23.59
2001-04-28T12:00:00Z,19.775,-155.075,23.62
2001-04-29T12:00:00Z,19.775,-155.075,23.41
2001-04-30T12:00:00Z,19.775,-155.075,23.44
2001-05-01T12:00:00Z,19.775,-155.075,23.63
2001-05-02T12:00:00Z,19.775,-155.075,23.72
2001-05-03T12:00:00Z,19.775,-155.075,23.740000000000002
2001-05-04T12:00:00Z,19.775,-155.075,23.740000000000002
2001-05-05T12:00:00Z,19.775,-155.075,23.64
2001-05-06T12:00:00Z,19.775,-155.075,23.78
2001-05-07T12:00:00Z,19.775,-155.075,23.830000000000002
2001-05-08T12:00:00Z,19.775,-155.075,23.89
2001-05-09T12:00:00Z,19.775,-155.075,23.77
2001-05-10T12:00:00Z,19.775,-155.075,23.71
2001-05-11T12:00:00Z,19.775,-155.075,23.740000000000002
2001-05-12T12:00:00Z,19.775,-155.075,23.71
2001-05-13T12:00:00Z,19.775,-155.075,23.78
2001-05-14T12:00:00Z,19.775,-155.075,23.8
2001-05-15T12:00:00Z,19.775,-155.075,23.69
2001-05-16T12:00:00Z,19.775,-155.075,23.66
2001-05-17T12:00:00Z,19.775,-155.075,23.82
2001-05-18T12:00:00Z,19.775,-155.075,24.21
2001-05-19T12:00:00Z,19.775,-155.075,24.25
2001-05-20T12:00:00Z,19.775,-155.075,24.28
2001-05-21T12:00:00Z,19.775,-155.075,24.28
2001-05-22T12:00:00Z,19.775,-155.075,24.53
2001-05-23T12:00:00Z,19.775,-155.075,24.76
2001-05-24T12:00:00Z,19.775,-155.075,24.94
2001-05-25T12:00:00Z,19.775,-155.075,24.78
2001-05-26T12:00:00Z,19.775,-155.075,24.72
2001-05-27T12:00:00Z,19.775,-155.075,25.34
2001-05-28T12:00:00Z,19.775,-155.075,24.400000000000002
2001-05-29T12:00:00Z,19.775,-155.075,24.310000000000002
2001-05-30T12:00:00Z,19.775,-155.075,24.36
2001-05-31T12:00:00Z,19.775,-155.075,24.59
2001-06-01T12:00:00Z,19.775,-155.075,24.72
2001-06-02T12:00:00Z,19.775,-155.075,24.66
2001-06-03T12:00:00Z,19.775,-155.075,24.61
2001-06-04T12:00:00Z,19.775,-155.075,24.580000000000002
2001-06-05T12:00:00Z,19.775,-155.075,24.52
2001-06-06T12:00:00Z,19.775,-155.075,24.66
2001-06-07T12:00:00Z,19.775,-155.075,24.73
2001-06-08T12:00:00Z,19.775,-155.075,24.88
2001-06-09T12:00:00Z,19.775,-155.075,24.77
2001-06-10T12:00:00Z,19.775,-155.075,24.84
2001-06-11T12:00:00Z,19.775,-155.075,24.84
2001-06-12T12:00:00Z,19.775,-155.075,24.87
2001-06-13T12:00:00Z,19.775,-155.075,24.82
2001-06-14T12:00:00Z,19.775,-155.075,24.82
2001-06-15T12:00:00Z,19.775,-155.075,24.82
2001-06-16T12:00:00Z,19.775,-155.075,24.77
2001-06-17T12:00:00Z,19.775,-155.075,24.69
2001-06-18T12:00:00Z,19.775,-155.075,24.54
2001-06-19T12:00:00Z,19.775,-155.075,24.77
2001-06-20T12:00:00Z,19.775,-155.075,24.830000000000002
2001-06-21T12:00:00Z,19.775,-155.075,24.8
2001-06-22T12:00:00Z,19.775,-155.075,24.76
2001-06-23T12:00:00Z,19.775,-155.075,24.78
2001-06-24T12:00:00Z,19.775,-155.075,24.82
2001-06-25T12:00:00Z,19.775,-155.075,25.13
2001-06-26T12:00:00Z,19.775,-155.075,25.0
2001-06-27T12:00:00Z,19.775,-155.075,24.95
2001-06-28T12:00:00Z,19.775,-155.075,24.93
2001-06-29T12:00:00Z,19.775,-155.075,25.11
2001-06-30T12:00:00Z,19.775,-155.075,25.16
2001-07-01T12:00:00Z,19.775,-155.075,25.21
2001-07-02T12:00:00Z,19.775,-155.075,25.46
2001-07-03T12:00:00Z,19.775,-155.075,25.48
2001-07-04T12:00:00Z,19.775,-155.075,25.72
2001-07-05T12:00:00Z,19.775,-155.075,25.62
2001-07-06T12:00:00Z,19.775,-155.075,25.59
2001-07-07T12:00:00Z,19.775,-155.075,25.52
2001-07-08T12:00:00Z,19.775,-155.075,25.54
2001-07-09T12:00:00Z,19.775,-155.075,25.44
2001-07-10T12:00:00Z,19.775,-155.075,25.41
2001-07-11T12:00:00Z,19.775,-155.075,25.5
2001-07-12T12:00:00Z,19.775,-155.075,25.72
2001-07-13T12:00:00Z,19.775,-155.075,25.64
2001-07-14T12:00:00Z,19.775,-155.075,25.6
2001-07-15T12:00:00Z,19.775,-155.075,25.68
2001-07-16T12:00:00Z,19.775,-155.075,25.59
2001-07-17T12:00:00Z,19.775,-155.075,25.5
2001-07-18T12:00:00Z,19.775,-155.075,25.34
2001-07-19T12:00:00Z,19.775,-155.075,25.310000000000002
2001-07-20T12:00:00Z,19.775,-155.075,25.3
2001-07-21T12:00:00Z,19.775,-155.075,25.36
2001-07-22T12:00:00Z,19.775,-155.075,25.42
2001-07-23T12:00:00Z,19.775,-155.075,25.37
2001-07-24T12:00:00Z,19.775,-155.075,25.5
2001-07-25T12:00:00Z,19.775,-155.075,25.45
2001-07-26T12:00:00Z,19.775,-155.075,25.42
2001-07-27T12:00:00Z,19.775,-155.075,25.400000000000002
2001-07-28T12:00:00Z,19.775,-155.075,25.37
2001-07-29T12:00:00Z,19.775,-155.075,25.41
2001-07-30T12:00:00Z,19.775,-155.075,25.490000000000002
2001-07-31T12:00:00Z,19.775,-155.075,25.400000000000002
2001-08-01T12:00:00Z,19.775,-155.075,25.41
2001-08-02T12:00:00Z,19.775,-155.075,25.54
2001-08-03T12:00:00Z,19.775,-155.075,25.73
2001-08-04T12:00:00Z,19.775,-155.075,25.73
2001-08-05T12:00:00Z,19.775,-155.075,25.72
2001-08-06T12:00:00Z,19.775,-155.075,25.79
2001-08-07T12:00:00Z,19.775,-155.075,25.79
2001-08-08T12:00:00Z,19.775,-155.075,25.8
2001-08-09T12:00:00Z,19.775,-155.075,26.01
2001-08-10T12:00:00Z,19.775,-155.075,26.03
2001-08-11T12:00:00Z,19.775,-155.075,26.04
2001-08-12T12:00:00Z,19.775,-155.075,25.830000000000002
2001-08-13T12:00:00Z,19.775,-155.075,25.75
2001-08-14T12:00:00Z,19.775,-155.075,25.66
2001-08-15T12:00:00Z,19.775,-155.075,25.77
2001-08-16T12:00:00Z,19.775,-155.075,26.04
2001-08-17T12:00:00Z,19.775,-155.075,25.98
2001-08-18T12:00:00Z,19.775,-155.075,25.92
2001-08-19T12:00:00Z,19.775,-155.075,25.77
2001-08-20T12:00:00Z,19.775,-155.075,25.82
2001-08-21T12:00:00Z,19.775,-155.075,25.89
2001-08-22T12:00:00Z,19.775,-155.075,26.01
2001-08-23T12:00:00Z,19.775,-155.075,26.02
2001-08-24T12:00:00Z,19.775,-155.075,26.02
2001-08-25T12:00:00Z,19.775,-155.075,26.13
2001-08-26T12:00:00Z,19.775,-155.075,26.1
2001-08-27T12:00:00Z,19.775,-155.075,26.2
2001-08-28T12:00:00Z,19.775,-155.075,26.19
2001-08-29T12:00:00Z,19.775,-155.075,26.27
2001-08-30T12:00:00Z,19.775,-155.075,26.21
2001-08-31T12:00:00Z,19.775,-155.075,26.13
2001-09-01T12:00:00Z,19.775,-155.075,26.19
2001-09-02T12:00:00Z,19.775,-155.075,26.16
2001-09-03T12:00:00Z,19.775,-155.075,26.11
2001-09-04T12:00:00Z,19.775,-155.075,26.03
2001-09-05T12:00:00Z,19.775,-155.075,26.0
2001-09-06T12:00:00Z,19.775,-155.075,26.0
2001-09-07T12:00:00Z,19.775,-155.075,26.310000000000002
2001-09-08T12:00:00Z,19.775,-155.075,26.35
2001-09-09T12:00:00Z,19.775,-155.075,26.35
2001-09-10T12:00:00Z,19.775,-155.075,26.37
2001-09-11T12:00:00Z,19.775,-155.075,26.35
2001-09-12T12:00:00Z,19.775,-155.075,26.39
2001-09-13T12:00:00Z,19.775,-155.075,26.3
2001-09-14T12:00:00Z,19.775,-155.075,26.240000000000002
2001-09-15T12:00:00Z,19.775,-155.075,26.2
2001-09-16T12:00:00Z,19.775,-155.075,26.400000000000002
2001-09-17T12:00:00Z,19.775,-155.075,26.63
2001-09-18T12:00:00Z,19.775,-155.075,26.650000000000002
2001-09-19T12:00:00Z,19.775,-155.075,26.66
2001-09-20T12:00:00Z,19.775,-155.075,26.67
2001-09-21T12:00:00Z,19.775,-155.075,26.72
2001-09-22T12:00:00Z,19.775,-155.075,26.560000000000002
2001-09-23T12:00:00Z,19.775,-155.075,26.42
2001-09-24T12:00:00Z,19.775,-155.075,26.36
2001-09-25T12:00:00Z,19.775,-155.075,26.32
2001-09-26T12:00:00Z,19.775,-155.075,26.22
2001-09-27T12:00:00Z,19.775,-155.075,26.19
2001-09-28T12:00:00Z,19.775,-155.075,26.19
2001-09-29T12:00:00Z,19.775,-155.075,26.28
2001-09-30T12:00:00Z,19.775,-155.075,26.26
2001-10-01T12:00:00Z,19.775,-155.075,26.19
2001-10-02T12:00:00Z,19.775,-155.075,26.16
2001-10-03T12:00:00Z,19.775,-155.075,26.09
2001-10-04T12:00:00Z,19.775,-155.075,26.04
2001-10-05T12:00:00Z,19.775,-155.075,26.0
2001-10-06T12:00:00Z,19.775,-155.075,26.02
2001-10-07T12:00:00Z,19.775,-155.075,26.02
2001-10-08T12:00:00Z,19.775,-155.075,25.86
2001-10-09T12:00:00Z,19.775,-155.075,26.12
2001-10-10T12:00:00Z,19.775,-155.075,26.080000000000002
2001-10-11T12:00:00Z,19.775,-155.075,26.03
2001-10-12T12:00:00Z,19.775,-155.075,26.12
2001-10-13T12:00:00Z,19.775,-155.075,26.16
2001-10-14T12:00:00Z,19.775,-155.075,26.18
2001-10-15T12:00:00Z,19.775,-155.075,26.17
2001-10-16T12:00:00Z,19.775,-155.075,26.11
2001-10-17T12:00:00Z,19.775,-155.075,25.94
2001-10-18T12:00:00Z,19.775,-155.075,26.05
2001-10-19T12:00:00Z,19.775,-155.075,26.11
2001-10-20T12:00:00Z,19.775,-155.075,26.1
2001-10-21T12:00:00Z,19.775,-155.075,26.01
2001-10-22T12:00:00Z,19.775,-155.075,25.89
2001-10-23T12:00:00Z,19.775,-155.075,25.94
2001-10-24T12:00:00Z,19.775,-155.075,25.8
2001-10-25T12:00:00Z,19.775,-155.075,25.89
2001-10-26T12:00:00Z,19.775,-155.075,25.93
2001-10-27T12:00:00Z,19.775,-155.075,25.88
2001-10-28T12:00:00Z,19.775,-155.075,25.77
2001-10-29T12:00:00Z,19.775,-155.075,25.88
2001-10-30T12:00:00Z,19.775,-155.075,25.88
2001-10-31T12:00:00Z,19.775,-155.075,25.88
2001-11-01T12:00:00Z,19.775,-155.075,25.68
2001-11-02T12:00:00Z,19.775,-155.075,25.560000000000002
2001-11-03T12:00:00Z,19.775,-155.075,25.63
2001-11-04T12:00:00Z,19.775,-155.075,25.73
2001-11-05T12:00:00Z,19.775,-155.075,25.88
2001-11-06T12:00:00Z,19.775,-155.075,25.89
2001-11-07T12:00:00Z,19.775,-155.075,25.96
2001-11-08T12:00:00Z,19.775,-155.075,25.85
2001-11-09T12:00:00Z,19.775,-155.075,25.75
2001-11-10T12:00:00Z,19.775,-155.075,25.78
2001-11-11T12:00:00Z,19.775,-155.075,25.71
2001-11-12T12:00:00Z,19.775,-155.075,25.62
2001-11-13T12:00:00Z,19.775,-155.075,25.650000000000002
2001-11-14T12:00:00Z,19.775,-155.075,25.61
2001-11-15T12:00:00Z,19.775,-155.075,25.79
2001-11-16T12:00:00Z,19.775,-155.075,25.75
2001-11-17T12:00:00Z,19.775,-155.075,25.68
2001-11-18T12:00:00Z,19.775,-155.075,25.61
2001-11-19T12:00:00Z,19.775,-155.075,25.61
2001-11-20T12:00:00Z,19.775,-155.075,25.62
2001-11-21T12:00:00Z,19.775,-155.075,25.59
2001-11-22T12:00:00Z,19.775,-155.075,25.61
2001-11-23T12:00:00Z,19.775,-155.075,25.580000000000002
2001-11-24T12:00:00Z,19.775,-155.075,25.53
2001-11-25T12:00:00Z,19.775,-155.075,25.53
2001-11-26T12:00:00Z,19.775,-155.075,25.5
2001-11-27T12:00:00Z,19.775,-155.075,25.57
2001-11-28T12:00:00Z,19.775,-155.075,25.18
2001-11-29T12:00:00Z,19.775,-155.075,25.32
2001-11-30T12:00:00Z,19.775,-155.075,25.38
2001-12-01T12:00:00Z,19.775,-155.075,25.400000000000002
2001-12-02T12:00:00Z,19.775,-155.075,25.36
2001-12-03T12:00:00Z,19.775,-155.075,25.3
2001-12-04T12:00:00Z,19.775,-155.075,25.27
2001-12-05T12:00:00Z,19.775,-155.075,25.29
2001-12-06T12:00:00Z,19.775,-155.075,25.29
2001-12-07T12:00:00Z,19.775,-155.075,25.13
2001-12-08T12:00:00Z,19.775,-155.075,25.01
2001-12-09T12:00:00Z,19.775,-155.075,25.02
2001-12-10T12:00:00Z,19.775,-155.075,25.060000000000002
2001-12-11T12:00:00Z,19.775,-155.075,25.11
2001-12-12T12:00:00Z,19.775,-155.075,25.13
2001-12-13T12:00:00Z,19.775,-155.075,25.09
2001-12-14T12:00:00Z,19.775,-155.075,25.04
2001-12-15T12:00:00Z,19.775,-155.075,24.900000000000002
2001-12-16T12:00:00Z,19.775,-155.075,24.86
2001-12-17T12:00:00Z,19.775,-155.075,24.67
2001-12-18T12:00:00Z,19.775,-155.075,24.72
2001-12-19T12:00:00Z,19.775,-155.075,24.7
2001-12-20T12:00:00Z,19.775,-155.075,24.67
2001-12-21T12:00:00Z,19.775,-155.075,24.68
2001-12-22T12:00:00Z,19.775,-155.075,24.69
2001-12-23T12:00:00Z,19.775,-155.075,24.76
2001-12-24T12:00:00Z,19.775,-155.075,24.650000000000002
2001-12-25T12:00:00Z,19.775,-155.075,24.75
2001-12-26T12:00:00Z,19.775,-155.075,24.7
2001-12-27T12:00:00Z,19.775,-155.075,24.68
2001-12-28T12:00:00Z,19.775,-155.075,24.59
2001-12-29T12:00:00Z,19.775,-155.075,24.54
2001-12-30T12:00:00Z,19.775,-155.075,24.64
2001-12-31T12:00:00Z,19.775,-155.075,24.63
2002-01-01T12:00:00Z,19.775,-155.075,24.61
2002-01-02T12:00:00Z,19.775,-155.075,24.59
2002-01-03T12:00:00Z,19.775,-155.075,24.7
2002-01-04T12:00:00Z,19.775,-155.075,24.7
2002-01-05T12:00:00Z,19.775,-155.075,24.67
2002-01-06T12:00:00Z,19.775,-155.075,24.490000000000002
2002-01-07T12:00:00Z,19.775,-155.075,24.46
2002-01-08T12:00:00Z,19.775,-155.075,24.52
2002-01-09T12:00:00Z,19.775,-155.075,24.47
2002-01-10T12:00:00Z,19.775,-155.075,24.45
2002-01-11T12:00:00Z,19.775,-155.075,24.42
2002-01-12T12:00:00Z,19.775,-155.075,24.51
2002-01-13T12:00:00Z,19.775,-155.075,24.5
2002-01-14T12:00:00Z,19.775,-155.075,24.44
2002-01-15T12:00:00Z,19.775,-155.075,24.44
2002-01-16T12:00:00Z,19.775,-155.075,24.46
2002-01-17T12:00:00Z,19.775,-155.075,24.47
2002-01-18T12:00:00Z,19.775,-155.075,24.41
2002-01-19T12:00:00Z,19.775,-155.075,24.41
2002-01-20T12:00:00Z,19.775,-155.075,24.23
2002-01-21T12:00:00Z,19.775,-155.075,24.16
2002-01-22T12:00:00Z,19.775,-155.075,24.23
2002-01-23T12:00:00Z,19.775,-155.075,24.16
2002-01-24T12:00:00Z,19.775,-155.075,24.14
2002-01-25T12:00:00Z,19.775,-155.075,24.03
2002-01-26T12:00:00Z,19.775,-155.075,24.16
2002-01-27T12:00:00Z,19.775,-155.075,23.96
2002-01-28T12:00:00Z,19.775,-155.075,23.89
2002-01-29T12:00:00Z,19.775,-155.075,23.86
2002-01-30T12:00:00Z,19.775,-155.075,23.7
2002-01-31T12:00:00Z,19.775,-155.075,24.060000000000002
2002-02-01T12:00:00Z,19.775,-155.075,24.07
2002-02-02T12:00:00Z,19.775,-155.075,24.080000000000002
2002-02-03T12:00:00Z,19.775,-155.075,24.0
2002-02-04T12:00:00Z,19.775,-155.075,24.04
2002-02-05T12:00:00Z,19.775,-155.075,24.01
2002-02-06T12:00:00Z,19.775,-155.075,24.04
2002-02-07T12:00:00Z,19.775,-155.075,23.93
2002-02-08T12:00:00Z,19.775,-155.075,23.92
2002-02-09T12:00:00Z,19.775,-155.075,24.37
2002-02-10T12:00:00Z,19.775,-155.075,24.2
2002-02-11T12:00:00Z,19.775,-155.075,24.13
2002-02-12T12:00:00Z,19.775,-155.075,23.71
2002-02-13T12:00:00Z,19.775,-155.075,23.75
2002-02-14T12:00:00Z,19.775,-155.075,23.73
2002-02-15T12:00:00Z,19.775,-155.075,23.76
2002-02-16T12:00:00Z,19.775,-155.075,23.79
2002-02-17T12:00:00Z,19.775,-155.075,23.75
2002-02-18T12:00:00Z,19.775,-155.075,23.740000000000002
2002-02-19T12:00:00Z,19.775,-155.075,23.55
2002-02-20T12:00:00Z,19.775,-155.075,23.650000000000002
2002-02-21T12:00:00Z,19.775,-155.075,23.7
2002-02-22T12:00:00Z,19.775,-155.075,23.650000000000002
2002-02-23T12:00:00Z,19.775,-155.075,23.52
2002-02-24T12:00:00Z,19.775,-155.075,23.490000000000002
2002-02-25T12:00:00Z,19.775,-155.075,23.46
2002-02-26T12:00:00Z,19.775,-155.075,23.47
2002-02-27T12:00:00Z,19.775,-155.075,23.75
2002-02-28T12:00:00Z,19.775,-155.075,23.830000000000002
2002-03-01T12:00:00Z,19.775,-155.075,23.7
2002-03-02T12:00:00Z,19.775,-155.075,23.63
2002-03-03T12:00:00Z,19.775,-155.075,23.66
2002-03-04T12:00:00Z,19.775,-155.075,23.67
2002-03-05T12:00:00Z,19.775,-155.075,23.64
2002-03-06T12:00:00Z,19.775,-155.075,23.7
2002-03-07T12:00:00Z,19.775,-155.075,23.76
2002-03-08T12:00:00Z,19.775,-155.075,23.87
2002-03-09T12:00:00Z,19.775,-155.075,23.57
2002-03-10T12:00:00Z,19.775,-155.075,23.54
2002-03-11T12:00:00Z,19.775,-155.075,23.44
2002-03-12T12:00:00Z,19.775,-155.075,23.54
2002-03-13T12:00:00Z,19.775,-155.075,23.67
2002-03-14T12:00:00Z,19.775,-155.075,23.59
2002-03-15T12:00:00Z,19.775,-155.075,23.72
2002-03-16T12:00:00Z,19.775,-155.075,23.79
2002-03-17T12:00:00Z,19.775,-155.075,23.900000000000002
2002-03-18T12:00:00Z,19.775,-155.075,23.79
2002-03-19T12:00:00Z,19.775,-155.075,23.68
2002-03-20T12:00:00Z,19.775,-155.075,23.75
2002-03-21T12:00:00Z,19.775,-155.075,23.78
2002-03-22T12:00:00Z,19.775,-155.075,23.77
2002-03-23T12:00:00Z,19.775,-155.075,23.82
2002-03-24T12:00:00Z,19.775,-155.075,23.8
2002-03-25T12:00:00Z,19.775,-155.075,23.79
2002-03-26T12:00:00Z,19.775,-155.075,23.8
2002-03-27T12:00:00Z,19.775,-155.075,23.55
2002-03-28T12:00:00Z,19.775,-155.075,23.66
2002-03-29T12:00:00Z,19.775,-155.075,23.96
2002-03-30T12:00:00Z,19.775,-155.075,24.060000000000002
2002-03-31T12:00:00Z,19.775,-155.075,24.01
2002-04-01T12:00:00Z,19.775,-155.075,23.89
2002-04-02T12:00:00Z,19.775,-155.075,23.75
2002-04-03T12:00:00Z,19.775,-155.075,23.66
2002-04-04T12:00:00Z,19.775,-155.075,23.650000000000002
2002-04-05T12:00:00Z,19.775,-155.075,23.79
2002-04-06T12:00:00Z,19.775,-155.075,23.91
2002-04-07T12:00:00Z,19.775,-155.075,24.03
2002-04-08T12:00:00Z,19.775,-155.075,24.27
2002-04-09T12:00:00Z,19.775,-155.075,24.44
2002-04-10T12:00:00Z,19.775,-155.075,24.490000000000002
2002-04-11T12:00:00Z,19.775,-155.075,24.6
2002-04-12T12:00:00Z,19.775,-155.075,24.67
2002-04-13T12:00:00Z,19.775,-155.075,24.63
2002-04-14T12:00:00Z,19.775,-155.075,24.51
2002-04-15T12:00:00Z,19.775,-155.075,24.52
2002-04-16T12:00:00Z,19.775,-155.075,24.46
2002-04-17T12:00:00Z,19.775,-155.075,24.650000000000002
2002-04-18T12:00:00Z,19.775,-155.075,24.57
2002-04-19T12:00:00Z,19.775,-155.075,24.55
2002-04-20T12:00:00Z,19.775,-155.075,24.400000000000002
2002-04-21T12:00:00Z,19.775,-155.075,24.43
2002-04-22T12:00:00Z,19.775,-155.075,24.55
2002-04-23T12:00:00Z,19.775,-155.075,24.61
2002-04-24T12:00:00Z,19.775,-155.075,24.57
2002-04-25T12:00:00Z,19.775,-155.075,24.53
2002-04-26T12:00:00Z,19.775,-155.075,24.560000000000002
2002-04-27T12:00:00Z,19.775,-155.075,24.57
2002-04-28T12:00:00Z,19.775,-155.075,24.580000000000002
2002-04-29T12:00:00Z,19.775,-155.075,24.62
2002-04-30T12:00:00Z,19.775,-155.075,24.34
2002-05-01T12:00:00Z,19.775,-155.075,24.32
2002-05-02T12:00:00Z,19.775,-155.075,24.48
2002-05-03T12:00:00Z,19.775,-155.075,24.82
2002-05-04T12:00:00Z,19.775,-155.075,24.8
2002-05-05T12:00:00Z,19.775,-155.075,24.41
2002-05-06T12:00:00Z,19.775,-155.075,24.3
2002-05-07T12:00:00Z,19.775,-155.075,24.32
2002-05-08T12:00:00Z,19.775,-155.075,24.23
2002-05-09T12:00:00Z,19.775,-155.075,24.23
2002-05-10T12:00:00Z,19.775,-155.075,24.46
2002-05-11T12:00:00Z,19.775,-155.075,24.51
2002-05-12T12:00:00Z,19.775,-155.075,24.52
2002-05-13T12:00:00Z,19.775,-155.075,24.46
2002-05-14T12:00:00Z,19.775,-155.075,24.67
2002-05-15T12:00:00Z,19.775,-155.075,24.82
2002-05-16T12:00:00Z,19.775,-155.075,24.63
2002-05-17T12:00:00Z,19.775,-155.075,24.66
2002-05-18T12:00:00Z,19.775,-155.075,24.73
2002-05-19T12:00:00Z,19.775,-155.075,24.8
2002-05-20T12:00:00Z,19.775,-155.075,24.900000000000002
2002-05-21T12:00:00Z,19.775,-155.075,24.91
2002-05-22T12:00:00Z,19.775,-155.075,25.46
2002-05-23T12:00:00Z,19.775,-155.075,25.53
2002-05-24T12:00:00Z,19.775,-155.075,25.44
2002-05-25T12:00:00Z,19.775,-155.075,25.46
2002-05-26T12:00:00Z,19.775,-155.075,25.400000000000002
2002-05-27T12:00:00Z,19.775,-155.075,25.38
2002-05-28T12:00:00Z,19.775,-155.075,25.37
2002-05-29T12:00:00Z,19.775,-155.075,25.53
2002-05-30T12:00:00Z,19.775,-155.075,25.54
2002-05-31T12:00:00Z,19.775,-155.075,25.53
2002-06-01T12:00:00Z,19.775,-155.075,25.51
2002-06-02T12:00:00Z,19.775,-155.075,25.490000000000002
2002-06-03T12:00:00Z,19.775,-155.075,25.44
2002-06-04T12:00:00Z,19.775,-155.075,25.57
2002-06-05T12:00:00Z,19.775,-155.075,25.59
2002-06-06T12:00:00Z,19.775,-155.075,25.580000000000002
2002-06-07T12:00:00Z,19.775,-155.075,25.64
2002-06-08T12:00:00Z,19.775,-155.075,25.7
2002-06-09T12:00:00Z,19.775,-155.075,25.68
2002-06-10T12:00:00Z,19.775,-155.075,25.84
2002-06-11T12:00:00Z,19.775,-155.075,25.8
2002-06-12T12:00:00Z,19.775,-155.075,25.73
2002-06-13T12:00:00Z,19.775,-155.075,25.82
2002-06-14T12:00:00Z,19.775,-155.075,25.79
2002-06-15T12:00:00Z,19.775,-155.075,25.830000000000002
2002-06-16T12:00:00Z,19.775,-155.075,25.72
2002-06-17T12:00:00Z,19.775,-155.075,25.75
2002-06-18T12:00:00Z,19.775,-155.075,25.73
2002-06-19T12:00:00Z,19.775,-155.075,25.740000000000002
2002-06-20T12:00:00Z,19.775,-155.075,25.64
2002-06-21T12:00:00Z,19.775,-155.075,25.650000000000002
2002-06-22T12:00:00Z,19.775,-155.075,25.67
2002-06-23T12:00:00Z,19.775,-155.075,25.66
2002-06-24T12:00:00Z,19.775,-155.075,25.66
2002-06-25T12:00:00Z,19.775,-155.075,25.68
2002-06-26T12:00:00Z,19.775,-155.075,25.62
2002-06-27T12:00:00Z,19.775,-155.075,25.76
2002-06-28T12:00:00Z,19.775,-155.075,25.96
2002-06-29T12:00:00Z,19.775,-155.075,26.080000000000002
2002-06-30T12:00:00Z,19.775,-155.075,26.07
2002-07-01T12:00:00Z,19.775,-155.075,25.91
2002-07-02T12:00:00Z,19.775,-155.075,25.97
2002-07-03T12:00:00Z,19.775,-155.075,26.07
2002-07-04T12:00:00Z,19.775,-155.075,26.07
2002-07-05T12:00:00Z,19.775,-155.075,26.03
2002-07-06T12:00:00Z,19.775,-155.075,25.94
2002-07-07T12:00:00Z,19.775,-155.075,25.91
2002-07-08T12:00:00Z,19.775,-155.075,25.72
2002-07-09T12:00:00Z,19.775,-155.075,25.66
2002-07-10T12:00:00Z,19.775,-155.075,25.67
2002-07-11T12:00:00Z,19.775,-155.075,25.72
2002-07-12T12:00:00Z,19.775,-155.075,25.91
2002-07-13T12:00:00Z,19.775,-155.075,25.96
2002-07-14T12:00:00Z,19.775,-155.075,25.85
2002-07-15T12:00:00Z,19.775,-155.075,25.59
2002-07-16T12:00:00Z,19.775,-155.075,25.57
2002-07-17T12:00:00Z,19.775,-155.075,25.43
2002-07-18T12:00:00Z,19.775,-155.075,25.39
2002-07-19T12:00:00Z,19.775,-155.075,25.5
2002-07-20T12:00:00Z,19.775,-155.075,25.61
2002-07-21T12:00:00Z,19.775,-155.075,25.62
2002-07-22T12:00:00Z,19.775,-155.075,25.39
2002-07-23T12:00:00Z,19.775,-155.075,25.490000000000002
2002-07-24T12:00:00Z,19.775,-155.075,25.55
2002-07-25T12:00:00Z,19.775,-155.075,25.79
2002-07-26T12:00:00Z,19.775,-155.075,25.93
2002-07-27T12:00:00Z,19.775,-155.075,25.92
2002-07-28T12:00:00Z,19.775,-155.075,26.09
2002-07-29T12:00:00Z,19.775,-155.075,26.1
2002-07-30T12:00:00Z,19.775,-155.075,26.1
2002-07-31T12:00:00Z,19.775,-155.075,26.02
2002-08-01T12:00:00Z,19.775,-155.075,26.23
2002-08-02T12:00:00Z,19.775,-155.075,26.400000000000002
2002-08-03T12:00:00Z,19.775,-155.075,26.43
2002-08-04T12:00:00Z,19.775,-155.075,26.330000000000002
2002-08-05T12:00:00Z,19.775,-155.075,26.330000000000002
2002-08-06T12:00:00Z,19.775,-155.075,26.32
2002-08-07T12:00:00Z,19.775,-155.075,26.41
2002-08-08T12:00:00Z,19.775,-155.075,26.45
2002-08-09T12:00:00Z,19.775,-155.075,26.46
2002-08-10T12:00:00Z,19.775,-155.075,26.44
2002-08-11T12:00:00Z,19.775,-155.075,26.46
2002-08-12T12:00:00Z,19.775,-155.075,26.310000000000002
2002-08-13T12:00:00Z,19.775,-155.075,26.07
2002-08-14T12:00:00Z,19.775,-155.075,25.87
2002-08-15T12:00:00Z,19.775,-155.075,26.37
2002-08-16T12:00:00Z,19.775,-155.075,26.48
2002-08-17T12:00:00Z,19.775,-155.075,26.490000000000002
2002-08-18T12:00:00Z,19.775,-155.075,26.52
2002-08-19T12:00:00Z,19.775,-155.075,26.330000000000002
2002-08-20T12:00:00Z,19.775,-155.075,26.39
2002-08-21T12:00:00Z,19.775,-155.075,26.57
2002-08-22T12:00:00Z,19.775,-155.075,26.63
2002-08-23T12:00:00Z,19.775,-155.075,26.55
2002-08-24T12:00:00Z,19.775,-155.075,26.54
2002-08-25T12:00:00Z,19.775,-155.075,26.490000000000002
2002-08-26T12:00:00Z,19.775,-155.075,26.57
2002-08-27T12:00:00Z,19.775,-155.075,26.6
2002-08-28T12:00:00Z,19.775,-155.075,26.67
2002-08-29T12:00:00Z,19.775,-155.075,26.71
2002-08-30T12:00:00Z,19.775,-155.075,27.25
2002-08-31T12:00:00Z,19.775,-155.075,27.13
2002-09-01T12:00:00Z,19.775,-155.075,26.97
2002-09-02T12:00:00Z,19.775,-155.075,26.85
2002-09-03T12:00:00Z,19.775,-155.075,26.76
2002-09-04T12:00:00Z,19.775,-155.075,26.75
2002-09-05T12:00:00Z,19.775,-155.075,26.810000000000002
2002-09-06T12:00:00Z,19.775,-155.075,26.78
2002-09-07T12:00:00Z,19.775,-155.075,26.46
2002-09-08T12:00:00Z,19.775,-155.075,26.03
2002-09-09T12:00:00Z,19.775,-155.075,26.0
2002-09-10T12:00:00Z,19.775,-155.075,26.07
2002-09-11T12:00:00Z,19.775,-155.075,26.5
2002-09-12T12:00:00Z,19.775,-155.075,26.68
2002-09-13T12:00:00Z,19.775,-155.075,26.63
2002-09-14T12:00:00Z,19.775,-155.075,26.39
2002-09-15T12:00:00Z,19.775,-155.075,26.34
2002-09-16T12:00:00Z,19.775,-155.075,26.330000000000002
2002-09-17T12:00:00Z,19.775,-155.075,26.23
2002-09-18T12:00:00Z,19.775,-155.075,26.22
2002-09-19T12:00:00Z,19.775,-155.075,26.16
2002-09-20T12:00:00Z,19.775,-155.075,26.32
2002-09-21T12:00:00Z,19.775,-155.075,26.330000000000002
2002-09-22T12:00:00Z,19.775,-155.075,26.330000000000002
2002-09-23T12:00:00Z,19.775,-155.075,26.17
2002-09-24T12:00:00Z,19.775,-155.075,26.16
2002-09-25T12:00:00Z,19.775,-155.075,26.37
2002-09-26T12:00:00Z,19.775,-155.075,26.53
2002-09-27T12:00:00Z,19.775,-155.075,26.48
2002-09-28T12:00:00Z,19.775,-155.075,26.400000000000002
2002-09-29T12:00:00Z,19.775,-155.075,26.3
2002-09-30T12:00:00Z,19.775,-155.075,26.1
2002-10-01T12:00:00Z,19.775,-155.075,26.04
2002-10-02T12:00:00Z,19.775,-155.075,26.0
2002-10-03T12:00:00Z,19.775,-155.075,25.88
2002-10-04T12:00:00Z,19.775,-155.075,25.87
2002-10-05T12:00:00Z,19.775,-155.075,26.16
2002-10-06T12:00:00Z,19.775,-155.075,26.39
2002-10-07T12:00:00Z,19.775,-155.075,26.43
2002-10-08T12:00:00Z,19.775,-155.075,26.490000000000002
2002-10-09T12:00:00Z,19.775,-155.075,26.54
2002-10-10T12:00:00Z,19.775,-155.075,26.27
2002-10-11T12:00:00Z,19.775,-155.075,26.26
2002-10-12T12:00:00Z,19.775,-155.075,26.21
2002-10-13T12:00:00Z,19.775,-155.075,26.13
2002-10-14T12:00:00Z,19.775,-155.075,26.11
2002-10-15T12:00:00Z,19.775,-155.075,25.66
2002-10-16T12:00:00Z,19.775,-155.075,26.03
2002-10-17T12:00:00Z,19.775,-155.075,26.13
2002-10-18T12:00:00Z,19.775,-155.075,26.14
2002-10-19T12:00:00Z,19.775,-155.075,26.39
2002-10-20T12:00:00Z,19.775,-155.075,26.5
2002-10-21T12:00:00Z,19.775,-155.075,26.54
2002-10-22T12:00:00Z,19.775,-155.075,26.51
2002-10-23T12:00:00Z,19.775,-155.075,26.48
2002-10-24T12:00:00Z,19.775,-155.075,26.48
2002-10-25T12:00:00Z,19.775,-155.075,26.17
2002-10-26T12:00:00Z,19.775,-155.075,26.13
2002-10-27T12:00:00Z,19.775,-155.075,26.09
2002-10-28T12:00:00Z,19.775,-155.075,26.04
2002-10-29T12:00:00Z,19.775,-155.075,25.91
2002-10-30T12:00:00Z,19.775,-155.075,25.89
2002-10-31T12:00:00Z,19.775,-155.075,25.92
2002-11-01T12:00:00Z,19.775,-155.075,26.01
2002-11-02T12:00:00Z,19.775,-155.075,26.11
2002-11-03T12:00:00Z,19.775,-155.075,26.12
2002-11-04T12:00:00Z,19.775,-155.075,26.14
2002-11-05T12:00:00Z,19.775,-155.075,26.17
2002-11-06T12:00:00Z,19.775,-155.075,26.22
2002-11-07T12:00:00Z,19.775,-155.075,26.27
2002-11-08T12:00:00Z,19.775,-155.075,26.22
2002-11-09T12:00:00Z,19.775,-155.075,26.2
2002-11-10T12:00:00Z,19.775,-155.075,26.13
2002-11-11T12:00:00Z,19.775,-155.075,26.28
2002-11-12T12:00:00Z,19.775,-155.075,26.28
2002-11-13T12:00:00Z,19.775,-155.075,26.13
2002-11-14T12:00:00Z,19.775,-155.075,26.18
2002-11-15T12:00:00Z,19.775,-155.075,26.17
2002-11-16T12:00:00Z,19.775,-155.075,26.310000000000002
2002-11-17T12:00:00Z,19.775,-155.075,26.39
2002-11-18T12:00:00Z,19.775,-155.075,26.1
2002-11-19T12:00:00Z,19.775,-155.075,26.05
2002-11-20T12:00:00Z,19.775,-155.075,26.060000000000002
2002-11-21T12:00:00Z,19.775,-155.075,25.94
2002-11-22T12:00:00Z,19.775,-155.075,25.89
2002-11-23T12:00:00Z,19.775,-155.075,25.92
2002-11-24T12:00:00Z,19.775,-155.075,25.88
2002-11-25T12:00:00Z,19.775,-155.075,26.0
2002-11-26T12:00:00Z,19.775,-155.075,25.830000000000002
2002-11-27T12:00:00Z,19.775,-155.075,25.8
2002-11-28T12:00:00Z,19.775,-155.075,25.59
2002-11-29T12:00:00Z,19.775,-155.075,25.490000000000002
2002-11-30T12:00:00Z,19.775,-155.075,25.37
2002-12-01T12:00:00Z,19.775,-155.075,25.48
2002-12-02T12:00:00Z,19.775,-155.075,25.64
2002-12-03T12:00:00Z,19.775,-155.075,25.75
2002-12-04T12:00:00Z,19.775,-155.075,25.61
2002-12-05T12:00:00Z,19.775,-155.075,25.490000000000002
2002-12-06T12:00:00Z,19.775,-155.075,25.46
2002-12-07T12:00:00Z,19.775,-155.075,25.63
2002-12-08T12:00:00Z,19.775,-155.075,25.38
2002-12-09T12:00:00Z,19.775,-155.075,25.23
2002-12-10T12:00:00Z,19.775,-155.075,25.09
2002-12-11T12:00:00Z,19.775,-155.075,24.87
2002-12-12T12:00:00Z,19.775,-155.075,25.11
2002-12-13T12:00:00Z,19.775,-155.075,24.97
2002-12-14T12:00:00Z,19.775,-155.075,25.04
2002-12-15T12:00:00Z,19.775,-155.075,24.79
2002-12-16T12:00:00Z,19.775,-155.075,24.88
2002-12-17T12:00:00Z,19.775,-155.075,25.01
2002-12-18T12:00:00Z,19.775,-155.075,25.0
2002-12-19T12:00:00Z,19.775,-155.075,25.03
2002-12-20T12:00:00Z,19.775,-155.075,24.97
2002-12-21T12:00:00Z,19.775,-155.075,24.830000000000002
2002-12-22T12:00:00Z,19.775,-155.075,24.89
2002-12-23T12:00:00Z,19.775,-155.075,24.97
2002-12-24T12:00:00Z,19.775,-155.075,24.92
2002-12-25T12:00:00Z,19.775,-155.075,24.82
2002-12-26T12:00:00Z,19.775,-155.075,24.79
2002-12-27T12:00:00Z,19.775,-155.075,25.03
2002-12-28T12:00:00Z,19.775,-155.075,24.810000000000002
2002-12-29T12:00:00Z,19.775,-155.075,24.75
2002-12-30T12:00:00Z,19.775,-155.075,24.79
2002-12-31T12:00:00Z,19.775,-155.075,24.740000000000002
2003-01-01T12:00:00Z,19.775,-155.075,24.68
2003-01-02T12:00:00Z,19.775,-155.075,24.59
2003-01-03T12:00:00Z,19.775,-155.075,24.7
2003-01-04T12:00:00Z,19.775,-155.075,24.96
2003-01-05T12:00:00Z,19.775,-155.075,24.990000000000002
2003-01-06T12:00:00Z,19.775,-155.075,24.98
2003-01-07T12:00:00Z,19.775,-155.075,24.95
2003-01-08T12:00:00Z,19.775,-155.075,24.86
2003-01-09T12:00:00Z,19.775,-155.075,24.82
2003-01-10T12:00:00Z,19.775,-155.075,24.86
2003-01-11T12:00:00Z,19.775,-155.075,24.78
2003-01-12T12:00:00Z,19.775,-155.075,24.7
2003-01-13T12:00:00Z,19.775,-155.075,24.79
2003-01-14T12:00:00Z,19.775,-155.075,24.91
2003-01-15T12:00:00Z,19.775,-155.075,24.8
2003-01-16T12:00:00Z,19.775,-155.075,24.76
2003-01-17T12:00:00Z,19.775,-155.075,24.41
2003-01-18T12:00:00Z,19.775,-155.075,24.71
2003-01-19T12:00:00Z,19.775,-155.075,24.560000000000002
2003-01-20T12:00:00Z,19.775,-155.075,24.84
2003-01-21T12:00:00Z,19.775,-155.075,24.45
2003-01-22T12:00:00Z,19.775,-155.075,24.560000000000002
2003-01-23T12:00:00Z,19.775,-155.075,24.77
2003-01-24T12:00:00Z,19.775,-155.075,24.87
2003-01-25T12:00:00Z,19.775,-155.075,24.79
2003-01-26T12:00:00Z,19.775,-155.075,24.76
2003-01-27T12:00:00Z,19.775,-155.075,24.54
2003-01-28T12:00:00Z,19.775,-155.075,24.52
2003-01-29T12:00:00Z,19.775,-155.075,25.01
2003-01-30T12:00:00Z,19.775,-155.075,24.57
2003-01-31T12:00:00Z,19.775,-155.075,24.92
2003-02-01T12:00:00Z,19.775,-155.075,24.92
2003-02-02T12:00:00Z,19.775,-155.075,24.63
2003-02-03T12:00:00Z,19.775,-155.075,24.490000000000002
2003-02-04T12:00:00Z,19.775,-155.075,24.48
2003-02-05T12:00:00Z,19.775,-155.075,24.48
2003-02-06T12:00:00Z,19.775,-155.075,24.53
2003-02-07T12:00:00Z,19.775,-155.075,24.55
2003-02-08T12:00:00Z,19.775,-155.075,24.27
2003-02-09T12:00:00Z,19.775,-155.075,24.27
2003-02-10T12:00:00Z,19.775,-155.075,24.41
2003-02-11T12:00:00Z,19.775,-155.075,24.45
2003-02-12T12:00:00Z,19.775,-155.075,24.41
2003-02-13T12:00:00Z,19.775,-155.075,24.21
2003-02-14T12:00:00Z,19.775,-155.075,24.43
2003-02-15T12:00:00Z,19.775,-155.075,24.39
2003-02-16T12:00:00Z,19.775,-155.075,24.25
2003-02-17T12:00:00Z,19.775,-155.075,24.12
2003-02-18T12:00:00Z,19.775,-155.075,24.01
2003-02-19T12:00:00Z,19.775,-155.075,23.98
2003-02-20T12:00:00Z,19.775,-155.075,24.14
2003-02-21T12:00:00Z,19.775,-155.075,24.37
2003-02-22T12:00:00Z,19.775,-155.075,24.17
2003-02-23T12:00:00Z,19.775,-155.075,24.080000000000002
2003-02-24T12:00:00Z,19.775,-155.075,24.060000000000002
2003-02-25T12:00:00Z,19.775,-155.075,24.14
2003-02-26T12:00:00Z,19.775,-155.075,23.900000000000002
2003-02-27T12:00:00Z,19.775,-155.075,23.94
2003-02-28T12:00:00Z,19.775,-155.075,23.96
2003-03-01T12:00:00Z,19.775,-155.075,24.07
2003-03-02T12:00:00Z,19.775,-155.075,23.92
2003-03-03T12:00:00Z,19.775,-155.075,23.92
2003-03-04T12:00:00Z,19.775,-155.075,24.01
2003-03-05T12:00:00Z,19.775,-155.075,23.98
2003-03-06T12:00:00Z,19.775,-155.075,24.11
2003-03-07T12:00:00Z,19.775,-155.075,23.900000000000002
2003-03-08T12:00:00Z,19.775,-155.075,23.98
2003-03-09T12:00:00Z,19.775,-155.075,23.990000000000002
2003-03-10T12:00:00Z,19.775,-155.075,24.0
2003-03-11T12:00:00Z,19.775,-155.075,24.330000000000002
2003-03-12T12:00:00Z,19.775,-155.075,24.36
2003-03-13T12:00:00Z,19.775,-155.075,24.38
2003-03-14T12:00:00Z,19.775,-155.075,24.26
2003-03-15T12:00:00Z,19.775,-155.075,24.12
2003-03-16T12:00:00Z,19.775,-155.075,24.17
2003-03-17T12:00:00Z,19.775,-155.075,24.240000000000002
2003-03-18T12:00:00Z,19.775,-155.075,24.19
2003-03-19T12:00:00Z,19.775,-155.075,24.150000000000002
2003-03-20T12:00:00Z,19.775,-155.075,24.060000000000002
2003-03-21T12:00:00Z,19.775,-155.075,24.16
2003-03-22T12:00:00Z,19.775,-155.075,24.22
2003-03-23T12:00:00Z,19.775,-155.075,24.21
2003-03-24T12:00:00Z,19.775,-155.075,24.060000000000002
2003-03-25T12:00:00Z,19.775,-155.075,23.91
2003-03-26T12:00:00Z,19.775,-155.075,23.900000000000002
2003-03-27T12:00:00Z,19.775,-155.075,23.86
2003-03-28T12:00:00Z,19.775,-155.075,24.080000000000002
2003-03-29T12:00:00Z,19.775,-155.075,24.12
2003-03-30T12:00:00Z,19.775,-155.075,24.150000000000002
2003-03-31T12:00:00Z,19.775,-155.075,24.27
2003-04-01T12:00:00Z,19.775,-155.075,24.580000000000002
2003-04-02T12:00:00Z,19.775,-155.075,24.45
2003-04-03T12:00:00Z,19.775,-155.075,24.48
2003-04-04T12:00:00Z,19.775,-155.075,24.37
2003-04-05T12:00:00Z,19.775,-155.075,24.34
2003-04-06T12:00:00Z,19.775,-155.075,24.16
2003-04-07T12:00:00Z,19.775,-155.075,24.490000000000002
2003-04-08T12:00:00Z,19.775,-155.075,24.21
2003-04-09T12:00:00Z,19.775,-155.075,24.2
2003-04-10T12:00:00Z,19.775,-155.075,24.2
2003-04-11T12:00:00Z,19.775,-155.075,24.1
2003-04-12T12:00:00Z,19.775,-155.075,24.38
2003-04-13T12:00:00Z,19.775,-155.075,24.52
2003-04-14T12:00:00Z,19.775,-155.075,24.3
2003-04-15T12:00:00Z,19.775,-155.075,24.44
2003-04-16T12:00:00Z,19.775,-155.075,24.04
2003-04-17T12:00:00Z,19.775,-155.075,23.68
2003-04-18T12:00:00Z,19.775,-155.075,24.07
2003-04-19T12:00:00Z,19.775,-155.075,24.07
2003-04-20T12:00:00Z,19.775,-155.075,24.09
2003-04-21T12:00:00Z,19.775,-155.075,24.150000000000002
2003-04-22T12:00:00Z,19.775,-155.075,24.080000000000002
2003-04-23T12:00:00Z,19.775,-155.075,24.29
2003-04-24T12:00:00Z,19.775,-155.075,24.23
2003-04-25T12:00:00Z,19.775,-155.075,24.35
2003-04-26T12:00:00Z,19.775,-155.075,24.32
2003-04-27T12:00:00Z,19.775,-155.075,24.240000000000002
2003-04-28T12:00:00Z,19.775,-155.075,24.330000000000002
2003-04-29T12:00:00Z,19.775,-155.075,24.39
2003-04-30T12:00:00Z,19.775,-155.075,24.39
2003-05-01T12:00:00Z,19.775,-155.075,24.55
2003-05-02T12:00:00Z,19.775,-155.075,24.52
2003-05-03T12:00:00Z,19.775,-155.075,24.63
2003-05-04T12:00:00Z,19.775,-155.075,24.75
2003-05-05T12:00:00Z,19.775,-155.075,24.59
2003-05-06T12:00:00Z,19.775,-155.075,24.88
2003-05-07T12:00:00Z,19.775,-155.075,24.88
2003-05-08T12:00:00Z,19.775,-155.075,24.79
2003-05-09T12:00:00Z,19.775,-155.075,24.490000000000002
2003-05-10T12:00:00Z,19.775,-155.075,24.68
2003-05-11T12:00:00Z,19.775,-155.075,24.29
2003-05-12T12:00:00Z,19.775,-155.075,24.53
2003-05-13T12:00:00Z,19.775,-155.075,24.830000000000002
2003-05-14T12:00:00Z,19.775,-155.075,24.64
2003-05-15T12:00:00Z,19.775,-155.075,24.85
2003-05-16T12:00:00Z,19.775,-155.075,24.62
2003-05-17T12:00:00Z,19.775,-155.075,24.7
2003-05-18T12:00:00Z,19.775,-155.075,24.580000000000002
2003-05-19T12:00:00Z,19.775,-155.075,24.21
2003-05-20T12:00:00Z,19.775,-155.075,24.71
2003-05-21T12:00:00Z,19.775,-155.075,24.55
2003-05-22T12:00:00Z,19.775,-155.075,24.79
2003-05-23T12:00:00Z,19.775,-155.075,24.77
2003-05-24T12:00:00Z,19.775,-155.075,24.84
2003-05-25T12:00:00Z,19.775,-155.075,25.04
2003-05-26T12:00:00Z,19.775,-155.075,25.19
2003-05-27T12:00:00Z,19.775,-155.075,25.32
2003-05-28T12:00:00Z,19.775,-155.075,25.13
2003-05-29T12:00:00Z,19.775,-155.075,25.13
2003-05-30T12:00:00Z,19.775,-155.075,24.990000000000002
2003-05-31T12:00:00Z,19.775,-155.075,25.34
2003-06-01T12:00:00Z,19.775,-155.075,25.400000000000002
2003-06-02T12:00:00Z,19.775,-155.075,25.310000000000002
2003-06-03T12:00:00Z,19.775,-155.075,25.3
2003-06-04T12:00:00Z,19.775,-155.075,25.310000000000002
2003-06-05T12:00:00Z,19.775,-155.075,25.490000000000002
2003-06-06T12:00:00Z,19.775,-155.075,25.59
2003-06-07T12:00:00Z,19.775,-155.075,25.580000000000002
2003-06-08T12:00:00Z,19.775,-155.075,25.59
2003-06-09T12:00:00Z,19.775,-155.075,25.69
2003-06-10T12:00:00Z,19.775,-155.075,25.72
2003-06-11T12:00:00Z,19.775,-155.075,25.69
2003-06-12T12:00:00Z,19.775,-155.075,25.69
2003-06-13T12:00:00Z,19.775,-155.075,25.57
2003-06-14T12:00:00Z,19.775,-155.075,25.67
2003-06-15T12:00:00Z,19.775,-155.075,25.63
2003-06-16T12:00:00Z,19.775,-155.075,25.580000000000002
2003-06-17T12:00:00Z,19.775,-155.075,25.62
2003-06-18T12:00:00Z,19.775,-155.075,25.66
2003-06-19T12:00:00Z,19.775,-155.075,25.85
2003-06-20T12:00:00Z,19.775,-155.075,25.580000000000002
2003-06-21T12:00:00Z,19.775,-155.075,25.61
2003-06-22T12:00:00Z,19.775,-155.075,25.76
2003-06-23T12:00:00Z,19.775,-155.075,25.560000000000002
2003-06-24T12:00:00Z,19.775,-155.075,25.650000000000002
2003-06-25T12:00:00Z,19.775,-155.075,25.59
2003-06-26T12:00:00Z,19.775,-155.075,25.77
2003-06-27T12:00:00Z,19.775,-155.075,25.77
2003-06-28T12:00:00Z,19.775,-155.075,25.75
2003-06-29T12:00:00Z,19.775,-155.075,25.69
2003-06-30T12:00:00Z,19.775,-155.075,25.73
2003-07-01T12:00:00Z,19.775,-155.075,25.560000000000002
2003-07-02T12:00:00Z,19.775,-155.075,25.63
2003-07-03T12:00:00Z,19.775,-155.075,25.51
2003-07-04T12:00:00Z,19.775,-155.075,25.68
2003-07-05T12:00:00Z,19.775,-155.075,25.72
2003-07-06T12:00:00Z,19.775,-155.075,25.91
2003-07-07T12:00:00Z,19.775,-155.075,25.8
2003-07-08T12:00:00Z,19.775,-155.075,25.75
2003-07-09T12:00:00Z,19.775,-155.075,25.97
2003-07-10T12:00:00Z,19.775,-155.075,25.8
2003-07-11T12:00:00Z,19.775,-155.075,25.76
2003-07-12T12:00:00Z,19.775,-155.075,25.84
2003-07-13T12:00:00Z,19.775,-155.075,25.95
2003-07-14T12:00:00Z,19.775,-155.075,25.71
2003-07-15T12:00:00Z,19.775,-155.075,25.77
2003-07-16T12:00:00Z,19.775,-155.075,25.990000000000002
2003-07-17T12:00:00Z,19.775,-155.075,25.96
2003-07-18T12:00:00Z,19.775,-155.075,25.86
2003-07-19T12:00:00Z,19.775,-155.075,25.78
2003-07-20T12:00:00Z,19.775,-155.075,25.810000000000002
2003-07-21T12:00:00Z,19.775,-155.075,25.98
2003-07-22T12:00:00Z,19.775,-155.075,25.93
2003-07-23T12:00:00Z,19.775,-155.075,26.02
2003-07-24T12:00:00Z,19.775,-155.075,25.88
2003-07-25T12:00:00Z,19.775,-155.075,25.69
2003-07-26T12:00:00Z,19.775,-155.075,26.04
2003-07-27T12:00:00Z,19.775,-155.075,26.11
2003-07-28T12:00:00Z,19.775,-155.075,26.0
2003-07-29T12:00:00Z,19.775,-155.075,26.0
2003-07-30T12:00:00Z,19.775,-155.075,26.2
2003-07-31T12:00:00Z,19.775,-155.075,26.16
2003-08-01T12:00:00Z,19.775,-155.075,26.25
2003-08-02T12:00:00Z,19.775,-155.075,26.23
2003-08-03T12:00:00Z,19.775,-155.075,26.19
2003-08-04T12:00:00Z,19.775,-155.075,26.12
2003-08-05T12:00:00Z,19.775,-155.075,26.36
2003-08-06T12:00:00Z,19.775,-155.075,26.54
2003-08-07T12:00:00Z,19.775,-155.075,26.6
2003-08-08T12:00:00Z,19.775,-155.075,26.48
2003-08-09T12:00:00Z,19.775,-155.075,26.45
2003-08-10T12:00:00Z,19.775,-155.075,26.38
2003-08-11T12:00:00Z,19.775,-155.075,26.330000000000002
2003-08-12T12:00:00Z,19.775,-155.075,26.36
2003-08-13T12:00:00Z,19.775,-155.075,26.330000000000002
2003-08-14T12:00:00Z,19.775,-155.075,26.240000000000002
2003-08-15T12:00:00Z,19.775,-155.075,26.12
2003-08-16T12:00:00Z,19.775,-155.075,26.17
2003-08-17T12:00:00Z,19.775,-155.075,26.16
2003-08-18T12:00:00Z,19.775,-155.075,26.37
2003-08-19T12:00:00Z,19.775,-155.075,26.310000000000002
2003-08-20T12:00:00Z,19.775,-155.075,26.52
2003-08-21T12:00:00Z,19.775,-155.075,26.46
2003-08-22T12:00:00Z,19.775,-155.075,26.45
2003-08-23T12:00:00Z,19.775,-155.075,26.3
2003-08-24T12:00:00Z,19.775,-155.075,26.240000000000002
2003-08-25T12:00:00Z,19.775,-155.075,26.19
2003-08-26T12:00:00Z,19.775,-155.075,26.150000000000002
2003-08-27T12:00:00Z,19.775,-155.075,26.19
2003-08-28T12:00:00Z,19.775,-155.075,26.44
2003-08-29T12:00:00Z,19.775,-155.075,26.650000000000002
2003-08-30T12:00:00Z,19.775,-155.075,26.61
2003-08-31T12:00:00Z,19.775,-155.075,26.51
2003-09-01T12:00:00Z,19.775,-155.075,26.77
2003-09-02T12:00:00Z,19.775,-155.075,26.73
2003-09-03T12:00:00Z,19.775,-155.075,26.69
2003-09-04T12:00:00Z,19.775,-155.075,26.6
2003-09-05T12:00:00Z,19.775,-155.075,26.490000000000002
2003-09-06T12:00:00Z,19.775,-155.075,26.38
2003-09-07T12:00:00Z,19.775,-155.075,26.26
2003-09-08T12:00:00Z,19.775,-155.075,26.19
2003-09-09T12:00:00Z,19.775,-155.075,26.26
2003-09-10T12:00:00Z,19.775,-155.075,26.22
2003-09-11T12:00:00Z,19.775,-155.075,26.21
2003-09-12T12:00:00Z,19.775,-155.075,26.42
2003-09-13T12:00:00Z,19.775,-155.075,26.490000000000002
2003-09-14T12:00:00Z,19.775,-155.075,26.52
2003-09-15T12:00:00Z,19.775,-155.075,26.68
2003-09-16T12:00:00Z,19.775,-155.075,26.97
2003-09-17T12:00:00Z,19.775,-155.075,26.76
2003-09-18T12:00:00Z,19.775,-155.075,26.64
2003-09-19T12:00:00Z,19.775,-155.075,26.6
2003-09-20T12:00:00Z,19.775,-155.075,26.63
2003-09-21T12:00:00Z,19.775,-155.075,26.580000000000002
2003-09-22T12:00:00Z,19.775,-155.075,26.61
2003-09-23T12:00:00Z,19.775,-155.075,26.36
2003-09-24T12:00:00Z,19.775,-155.075,26.22
2003-09-25T12:00:00Z,19.775,-155.075,26.25
2003-09-26T12:00:00Z,19.775,-155.075,26.240000000000002
2003-09-27T12:00:00Z,19.775,-155.075,26.25
2003-09-28T12:00:00Z,19.775,-155.075,26.42
2003-09-29T12:00:00Z,19.775,-155.075,26.53
2003-09-30T12:00:00Z,19.775,-155.075,26.59
2003-10-01T12:00:00Z,19.775,-155.075,26.72
2003-10-02T12:00:00Z,19.775,-155.075,26.79
2003-10-03T12:00:00Z,19.775,-155.075,26.88
2003-10-04T12:00:00Z,19.775,-155.075,26.82
2003-10-05T12:00:00Z,19.775,-155.075,26.73
2003-10-06T12:00:00Z,19.775,-155.075,26.830000000000002
2003-10-07T12:00:00Z,19.775,-155.075,26.71
2003-10-08T12:00:00Z,19.775,-155.075,26.95
2003-10-09T12:00:00Z,19.775,-155.075,26.63
2003-10-10T12:00:00Z,19.775,-155.075,26.68
2003-10-11T12:00:00Z,19.775,-155.075,26.71
2003-10-12T12:00:00Z,19.775,-155.075,26.57
2003-10-13T12:00:00Z,19.775,-155.075,26.51
2003-10-14T12:00:00Z,19.775,-155.075,26.52
2003-10-15T12:00:00Z,19.775,-155.075,26.52
2003-10-16T12:00:00Z,19.775,-155.075,26.55
2003-10-17T12:00:00Z,19.775,-155.075,26.6
2003-10-18T12:00:00Z,19.775,-155.075,26.490000000000002
2003-10-19T12:00:00Z,19.775,-155.075,26.54
2003-10-20T12:00:00Z,19.775,-155.075,26.71
2003-10-21T12:00:00Z,19.775,-155.075,26.650000000000002
2003-10-22T12:00:00Z,19.775,-155.075,26.52
2003-10-23T12:00:00Z,19.775,-155.075,26.330000000000002
2003-10-24T12:00:00Z,19.775,-155.075,26.400000000000002
2003-10-25T12:00:00Z,19.775,-155.075,26.46
2003-10-26T12:00:00Z,19.775,-155.075,26.48
2003-10-27T12:00:00Z,19.775,-155.075,26.59
2003-10-28T12:00:00Z,19.775,-155.075,26.62
2003-10-29T12:00:00Z,19.775,-155.075,26.75
2003-10-30T12:00:00Z,19.775,-155.075,26.68
2003-10-31T12:00:00Z,19.775,-155.075,26.86
2003-11-01T12:00:00Z,19.775,-155.075,26.53
2003-11-02T12:00:00Z,19.775,-155.075,26.39
2003-11-03T12:00:00Z,19.775,-155.075,26.5
2003-11-04T12:00:00Z,19.775,-155.075,26.43
2003-11-05T12:00:00Z,19.775,-155.075,26.41
2003-11-06T12:00:00Z,19.775,-155.075,26.3
2003-11-07T12:00:00Z,19.775,-155.075,26.35
2003-11-08T12:00:00Z,19.775,-155.075,26.490000000000002
